{
    "3*x*x+2*x+1": {
        "0.810934169264538": 4.594711019171375,
        "0.6894076722024378": 3.8046641598796276,
        "-0.4790556346965018": 0.730371634010401,
        "0.6743960481704783": 3.713222185704831,
        "0.016579251189231314": 1.0339831170884495
    },
    "5*x-3": {
        "0.810934169264538": 1.05467084632269,
        "0.6894076722024378": 0.4470383610121891,
        "-0.4790556346965018": -5.3952781734825095,
        "0.6743960481704783": 0.3719802408523911,
        "0.016579251189231314": -2.9171037440538434
    }
}